Date,AAPL,AMD,AMZN,ASML,GOOG,INTC,MRVL,MSFT,NFLX,NVDA,QCOM,TSEM,TSM
2023-07-24,192.75,110.61000061035156,128.8000030517578,684.47998046875,121.87999725341797,33.630001068115234,63.11000061035156,345.1099853515625,428.3699951171875,44.61199951171875,124.0999984741211,35.0,98.25
2023-07-25,193.6199951171875,113.0,129.1300048828125,687.2999877929688,122.79000091552734,34.099998474121094,63.900001525878906,350.9800109863281,427.70001220703125,45.67900085449219,125.06999969482422,34.779998779296875,100.31999969482422
2023-07-26,194.5,110.08999633789062,128.14999389648438,684.2999877929688,129.66000366210938,34.36000061035156,63.709999084472656,337.7699890136719,422.6700134277344,45.45199966430664,124.0199966430664,36.7400016784668,99.41000366210938
2023-07-27,193.22000122070312,111.0999984741211,128.25,708.1199951171875,129.8699951171875,34.54999923706055,63.88999938964844,330.7200012207031,413.1700134277344,45.900001525878906,125.8499984741211,36.11000061035156,99.3499984741211
2023-07-28,195.8300018310547,112.95999908447266,132.2100067138672,718.3699951171875,133.00999450683594,36.83000183105469,64.91000366210938,338.3699951171875,425.7799987792969,46.75,129.47999572753906,37.209999084472656,100.86000061035156
2023-07-31,196.4499969482422,114.4000015258789,133.67999267578125,716.4099731445312,133.11000061035156,35.77000045776367,65.12999725341797,335.9200134277344,438.9700012207031,46.729000091552734,132.1699981689453,37.75,99.1500015258789
2023-08-01,195.61000061035156,117.5999984741211,131.69000244140625,708.7100219726562,131.88999938964844,35.79999923706055,65.93000030517578,336.3399963378906,438.6199951171875,46.50699996948242,132.0800018310547,37.93000030517578,98.4000015258789
2023-08-02,192.5800018310547,109.3499984741211,128.2100067138672,683.0599975585938,128.63999938964844,34.38999938964844,62.11000061035156,327.5,429.70001220703125,44.26900100708008,129.27000427246094,37.2599983215332,95.69999694824219
2023-08-03,191.1699981689453,113.1500015258789,128.91000366210938,681.010009765625,128.77000427246094,34.869998931884766,62.349998474121094,326.6600036621094,431.0,44.51499938964844,118.69999694824219,37.380001068115234,94.9800033569336
2023-08-04,181.99000549316406,115.81999969482422,139.57000732421875,678.0399780273438,128.5399932861328,35.13999938964844,62.689998626708984,327.7799987792969,431.6000061035156,44.68000030517578,121.5,36.720001220703125,96.16000366210938
2023-08-07,178.85000610351562,116.80999755859375,142.22000122070312,693.4199829101562,131.94000244140625,35.22999954223633,63.54999923706055,330.1099853515625,440.760009765625,45.41699981689453,119.33999633789062,36.83000183105469,96.3499984741211
2023-08-08,179.8000030517578,113.2300033569336,139.94000244140625,679.3699951171875,131.83999633789062,35.02000045776367,61.959999084472656,326.04998779296875,438.29998779296875,44.66400146484375,117.66000366210938,36.11000061035156,94.48999786376953
2023-08-09,178.19000244140625,110.47000122070312,137.85000610351562,672.489990234375,130.14999389648438,34.279998779296875,59.939998626708984,322.2300109863281,428.8999938964844,42.55400085449219,116.56999969482422,35.0,93.9800033569336
2023-08-10,177.97000122070312,110.2300033569336,138.55999755859375,677.8099975585938,130.2100067138672,34.68000030517578,58.93000030517578,322.92999267578125,429.9800109863281,42.38800048828125,115.61000061035156,34.7599983215332,94.80000305175781
2023-08-11,177.7899932861328,107.56999969482422,138.41000366210938,661.780029296875,130.1699981689453,34.88999938964844,57.09000015258789,321.010009765625,421.6600036621094,40.85499954223633,114.61000061035156,34.349998474121094,91.98999786376953
2023-08-14,179.4600067138672,111.9800033569336,140.57000732421875,666.5499877929688,131.8300018310547,35.68000030517578,59.56999969482422,324.0400085449219,427.7799987792969,43.75299835205078,114.0199966430664,33.939998626708984,93.06999969482422
2023-08-15,177.4499969482422,111.3499984741211,137.6699981689453,651.7000122070312,130.27000427246094,34.77000045776367,59.119998931884766,321.8599853515625,423.70001220703125,43.939998626708984,111.68000030517578,33.779998779296875,91.68000030517578
2023-08-16,176.57000732421875,107.19000244140625,135.07000732421875,646.4400024414062,129.11000061035156,33.529998779296875,57.369998931884766,320.3999938964844,415.45001220703125,43.486000061035156,110.1500015258789,30.170000076293945,91.77999877929688
2023-08-17,174.0,104.44000244140625,133.97999572753906,644.3400268554688,130.4600067138672,32.58000183105469,57.560001373291016,316.8800048828125,403.0,43.34400177001953,110.08000183105469,30.479999542236328,91.63999938964844
2023-08-18,174.49000549316406,105.44999694824219,133.22000122070312,655.3300170898438,128.11000061035156,32.75,57.59000015258789,316.4800109863281,404.5299987792969,43.29899978637695,110.0999984741211,30.6299991607666,91.0999984741211
2023-08-21,175.83999633789062,108.22000122070312,134.67999267578125,662.52001953125,128.92999267578125,33.13999938964844,60.029998779296875,321.8800048828125,408.2900085449219,46.96699905395508,110.68000030517578,30.950000762939453,92.55999755859375
2023-08-22,177.22999572753906,105.66000366210938,134.25,667.52001953125,129.69000244140625,32.88999938964844,59.59000015258789,322.4599914550781,413.1700134277344,45.667999267578125,109.47000122070312,30.350000381469727,92.23999786376953
2023-08-23,181.1199951171875,109.43000030517578,135.52000427246094,677.1199951171875,133.2100067138672,33.97999954223633,61.5,327.0,427.54998779296875,47.11600112915039,111.16999816894531,29.860000610351562,94.22000122070312
2023-08-24,176.3800048828125,101.80000305175781,131.83999633789062,647.8200073242188,130.4199981689453,32.59000015258789,57.290000915527344,319.9700012207031,406.92999267578125,47.16299819946289,108.51000213623047,28.34000015258789,92.52999877929688
2023-08-25,178.61000061035156,102.25,133.25999450683594,651.010009765625,130.69000244140625,33.25,53.5,322.9800109863281,416.0299987792969,46.018001556396484,110.31999969482422,28.65999984741211,93.0999984741211
2023-08-28,180.19000244140625,102.61000061035156,133.13999938964844,658.989990234375,131.7899932861328,33.619998931884766,55.16999816894531,323.70001220703125,418.05999755859375,46.834999084472656,111.68000030517578,28.110000610351562,94.0
2023-08-29,184.1199951171875,105.91999816894531,134.91000366210938,667.510009765625,135.49000549316406,34.310001373291016,56.119998931884766,328.4100036621094,429.989990234375,48.784000396728516,113.77999877929688,28.530000686645508,95.08000183105469
2023-08-30,187.64999389648438,106.58999633789062,135.07000732421875,669.5599975585938,136.92999267578125,34.529998779296875,57.34000015258789,328.7900085449219,434.6700134277344,49.263999938964844,113.2699966430664,29.030000686645508,94.77999877929688
2023-08-31,187.8699951171875,105.72000122070312,138.00999450683594,660.530029296875,137.35000610351562,35.13999938964844,58.25,327.760009765625,433.67999267578125,49.35499954223633,114.52999877929688,29.700000762939453,93.56999969482422
2023-09-01,189.4600067138672,109.44999694824219,138.1199951171875,662.52001953125,136.8000030517578,36.61000061035156,57.95000076293945,328.6600036621094,439.8800048828125,48.50899887084961,115.38999938964844,29.959999084472656,93.19000244140625
2023-09-05,189.6999969482422,110.77999877929688,137.27000427246094,663.5599975585938,136.7100067138672,36.709999084472656,57.88999938964844,333.54998779296875,448.67999267578125,48.54800033569336,116.55000305175781,29.43000030517578,94.5999984741211
2023-09-06,182.91000366210938,109.27999877929688,135.36000061035156,666.0399780273438,135.3699951171875,36.97999954223633,56.709999084472656,332.8800048828125,445.760009765625,47.06100082397461,114.68000030517578,28.829999923706055,92.26000213623047
2023-09-07,177.55999755859375,106.58999633789062,137.85000610351562,637.7899780273438,136.1999969482422,38.18000030517578,56.58000183105469,329.9100036621094,443.1400146484375,46.24100112915039,106.4000015258789,28.6299991607666,90.05000305175781
2023-09-08,178.17999267578125,106.08999633789062,138.22999572753906,627.8599853515625,137.1999969482422,38.0099983215332,55.7400016784668,334.2699890136719,442.79998779296875,45.571998596191406,106.13999938964844,28.200000762939453,89.63999938964844
2023-09-11,179.36000061035156,105.31999969482422,143.10000610351562,627.7100219726562,137.74000549316406,38.59000015258789,56.31999969482422,337.94000244140625,445.3599853515625,45.178001403808594,110.27999877929688,28.200000762939453,89.5999984741211
2023-09-12,176.3000030517578,105.30999755859375,141.22999572753906,618.7999877929688,136.07000732421875,38.86000061035156,55.650001525878906,331.7699890136719,434.69000244140625,44.869998931884766,111.2300033569336,28.010000228881836,90.4800033569336
2023-09-13,174.2100067138672,107.70999908447266,144.85000610351562,617.0499877929688,137.5,38.709999084472656,55.599998474121094,336.05999755859375,412.239990234375,45.48500061035156,112.63999938964844,28.059999465942383,91.22000122070312
2023-09-14,175.74000549316406,106.62999725341797,144.72000122070312,621.9000244140625,138.99000549316406,38.66999816894531,55.84000015258789,338.70001220703125,400.489990234375,45.58100128173828,114.04000091552734,27.969999313354492,91.47000122070312
2023-09-15,175.00999450683594,101.48999786376953,140.38999938964844,596.6599731445312,138.3000030517578,37.880001068115234,54.4900016784668,330.2200012207031,396.94000244140625,43.900001525878906,113.13999938964844,26.75,89.25
2023-09-18,177.97000122070312,102.37000274658203,139.97999572753906,597.72998046875,138.9600067138672,37.9900016784668,54.779998779296875,329.05999755859375,394.3999938964844,43.965999603271484,112.75,26.610000610351562,88.83000183105469
2023-09-19,179.07000732421875,101.61000061035156,137.6300048828125,593.77001953125,138.8300018310547,36.34000015258789,54.09000015258789,328.6499938964844,396.20001220703125,43.52000045776367,110.72000122070312,26.489999771118164,88.16999816894531
2023-09-20,175.49000549316406,100.33999633789062,135.2899932861328,589.8800048828125,134.58999633789062,34.689998626708984,52.939998626708984,320.7699890136719,386.29998779296875,42.23899841308594,109.22000122070312,25.8700008392334,87.29000091552734
2023-09-21,173.92999267578125,96.11000061035156,129.3300018310547,582.1199951171875,131.36000061035156,34.650001525878906,51.84000015258789,319.5299987792969,384.1499938964844,41.016998291015625,107.95999908447266,25.209999084472656,85.36000061035156
2023-09-22,174.7899932861328,96.19999694824219,129.1199951171875,587.0999755859375,131.25,34.18000030517578,52.29999923706055,317.010009765625,379.80999755859375,41.61000061035156,107.68000030517578,25.299999237060547,85.63999938964844
2023-09-25,176.0800018310547,97.37999725341797,131.27000427246094,586.1300048828125,132.1699981689453,34.290000915527344,52.630001068115234,317.5400085449219,384.79998779296875,42.22200012207031,110.43000030517578,25.209999084472656,86.23999786376953
2023-09-26,171.9600067138672,95.95999908447266,125.9800033569336,572.7100219726562,129.4499969482422,33.83000183105469,51.709999084472656,312.1400146484375,379.25,41.9109992980957,109.72000122070312,24.40999984741211,84.29000091552734
2023-09-27,170.42999267578125,98.06999969482422,125.9800033569336,574.530029296875,131.4600067138672,34.61000061035156,52.54999923706055,312.7900085449219,377.5899963378906,42.46799850463867,109.19000244140625,24.549999237060547,85.44000244140625
2023-09-28,170.69000244140625,102.76000213623047,125.9800033569336,580.6500244140625,133.1300048828125,35.18000030517578,54.0,313.6400146484375,376.3599853515625,43.0890007019043,111.0999984741211,24.709999084472656,86.41000366210938
2023-09-29,171.2100067138672,102.81999969482422,127.12000274658203,588.6599731445312,131.85000610351562,35.54999923706055,54.130001068115234,315.75,377.6000061035156,43.499000549316406,111.05999755859375,24.559999465942383,86.9000015258789
2023-10-02,173.75,103.2699966430664,129.4600067138672,582.1799926757812,135.1699981689453,35.459999084472656,54.59000015258789,321.79998779296875,380.3299865722656,44.78200149536133,111.0999984741211,24.420000076293945,87.6500015258789
2023-10-03,172.39999389648438,100.08000183105469,124.72000122070312,570.5999755859375,133.3000030517578,35.689998626708984,52.560001373291016,313.3900146484375,376.75,43.516998291015625,110.19000244140625,23.739999771118164,85.41000366210938
2023-10-04,173.66000366210938,104.06999969482422,127.0,590.8599853515625,136.27000427246094,35.93000030517578,53.310001373291016,318.9599914550781,376.8999938964844,44.04100036621094,109.8499984741211,23.920000076293945,86.66999816894531
2023-10-05,174.91000366210938,102.91000366210938,125.95999908447266,581.6900024414062,135.99000549316406,35.88999938964844,53.099998474121094,319.3599853515625,372.5899963378906,44.6879997253418,109.80000305175781,24.09000015258789,87.02999877929688
2023-10-06,177.49000549316406,107.23999786376953,127.95999908447266,597.3599853515625,138.72999572753906,36.189998626708984,54.529998779296875,327.260009765625,381.510009765625,45.762001037597656,110.87999725341797,24.510000228881836,89.29000091552734
2023-10-09,178.99000549316406,106.97000122070312,128.25999450683594,591.3699951171875,139.5,36.060001373291016,54.27000045776367,329.82000732421875,385.95001220703125,45.27299880981445,111.80000305175781,22.889999389648438,88.98999786376953
2023-10-10,178.38999938964844,109.01000213623047,129.47999572753906,602.1500244140625,139.1999969482422,36.43000030517578,55.04999923706055,328.3900146484375,373.32000732421875,45.79800033569336,112.30999755859375,23.239999771118164,90.61000061035156
2023-10-11,179.8000030517578,108.30999755859375,131.8300018310547,606.1900024414062,141.6999969482422,36.880001068115234,55.13999938964844,332.4200134277344,365.92999267578125,46.805999755859375,111.12000274658203,22.8700008392334,92.0
2023-10-12,180.7100067138672,108.79000091552734,132.3300018310547,616.760009765625,140.2899932861328,36.84000015258789,54.619998931884766,331.1600036621094,361.20001220703125,46.94499969482422,111.45999908447266,22.459999084472656,92.41999816894531
2023-10-13,178.85000610351562,105.08999633789062,129.7899932861328,599.75,138.5800018310547,35.970001220703125,52.619998931884766,327.7300109863281,355.67999267578125,45.46099853515625,108.66000366210938,21.979999542236328,90.45999908447266
2023-10-16,178.72000122070312,106.45999908447266,132.5500030517578,603.7999877929688,140.49000549316406,36.560001373291016,53.65999984741211,332.6400146484375,360.82000732421875,46.095001220703125,110.51000213623047,21.90999984741211,91.22000122070312
2023-10-17,177.14999389648438,105.13999938964844,131.47000122070312,608.6300048828125,140.99000549316406,36.060001373291016,53.16999816894531,332.05999755859375,355.7200012207031,43.9379997253418,112.19999694824219,21.979999542236328,91.0
2023-10-18,175.83999633789062,102.16999816894531,128.1300048828125,583.25,139.27999877929688,35.63999938964844,51.470001220703125,330.1099853515625,346.19000244140625,42.19599914550781,110.9800033569336,22.34000015258789,89.5999984741211
2023-10-19,175.4600067138672,102.4000015258789,128.39999389648438,587.72998046875,138.97999572753906,35.66999816894531,50.689998626708984,331.32000732421875,401.7699890136719,42.10100173950195,111.27999877929688,22.170000076293945,92.91000366210938
2023-10-20,172.8800048828125,101.80999755859375,125.16999816894531,580.0999755859375,136.74000549316406,34.91999816894531,49.470001220703125,326.6700134277344,400.9599914550781,41.387001037597656,108.62999725341797,21.959999084472656,91.30999755859375
2023-10-23,173.0,100.01000213623047,126.55999755859375,587.7899780273438,137.89999389648438,33.849998474121094,49.02000045776367,329.32000732421875,406.8399963378906,42.974998474121094,108.66000366210938,22.65999984741211,91.11000061035156
2023-10-24,173.44000244140625,101.66999816894531,128.55999755859375,600.75,140.1199951171875,34.59000015258789,49.4900016784668,330.5299987792969,413.7300109863281,43.66299819946289,109.38999938964844,23.34000015258789,91.63999938964844
2023-10-25,171.10000610351562,96.05999755859375,121.38999938964844,583.3400268554688,126.66999816894531,32.83000183105469,47.54999923706055,340.6700134277344,411.25,41.77899932861328,104.77999877929688,23.510000228881836,87.63999938964844
2023-10-26,166.88999938964844,93.66999816894531,119.56999969482422,588.2000122070312,123.44000244140625,32.52000045776367,46.630001068115234,327.8900146484375,403.5400085449219,40.32600021362305,105.62000274658203,23.229999542236328,87.44999694824219
2023-10-27,168.22000122070312,96.43000030517578,127.73999786376953,590.0,123.4000015258789,35.540000915527344,47.2599983215332,329.80999755859375,397.8699951171875,40.5,106.45999908447266,23.219999313354492,85.98999786376953
2023-10-30,170.2899932861328,96.18000030517578,132.7100067138672,588.8800048828125,125.75,35.689998626708984,46.83000183105469,337.30999755859375,410.0799865722656,41.1609992980957,107.83000183105469,23.0,86.05999755859375
2023-10-31,170.77000427246094,98.5,133.08999633789062,598.8099975585938,125.30000305175781,36.5,47.220001220703125,338.1099853515625,411.69000244140625,40.779998779296875,108.98999786376953,23.020000457763672,86.30999755859375
2023-11-01,173.97000122070312,108.04000091552734,137.0,608.27001953125,127.56999969482422,37.290000915527344,47.70000076293945,346.07000732421875,420.19000244140625,42.32500076293945,110.88999938964844,23.010000228881836,87.80000305175781
2023-11-02,177.57000732421875,107.83000183105469,138.07000732421875,631.3900146484375,128.5800018310547,37.70000076293945,48.900001525878906,348.32000732421875,424.7099914550781,43.50600051879883,117.36000061035156,23.43000030517578,90.4800033569336
2023-11-03,176.64999389648438,112.25,138.60000610351562,642.4099731445312,130.3699951171875,38.13999938964844,51.36000061035156,352.79998779296875,432.3599853515625,45.005001068115234,119.5199966430664,24.020000457763672,91.79000091552734
2023-11-06,179.22999572753906,111.75,139.74000549316406,637.4400024414062,131.4499969482422,37.95000076293945,51.2400016784668,356.5299987792969,434.739990234375,45.750999450683594,119.93000030517578,24.040000915527344,92.5999984741211
2023-11-07,181.82000732421875,113.44999694824219,142.7100067138672,636.3099975585938,132.39999389648438,38.77000045776367,51.18000030517578,360.5299987792969,434.6099853515625,45.95500183105469,120.72000122070312,24.190000534057617,92.41000366210938
2023-11-08,182.88999938964844,113.58999633789062,142.0800018310547,639.2899780273438,133.25999450683594,37.91999816894531,51.58000183105469,363.20001220703125,436.6499938964844,46.57400131225586,120.05999755859375,24.559999465942383,92.0
2023-11-09,182.41000366210938,113.48999786376953,140.60000610351562,634.260009765625,131.69000244140625,37.79999923706055,52.4900016784668,360.69000244140625,435.1499938964844,46.95000076293945,120.0999984741211,24.200000762939453,91.62000274658203
2023-11-10,186.39999389648438,118.58999633789062,143.55999755859375,661.280029296875,134.05999755859375,38.86000061035156,54.619998931884766,369.6700134277344,447.239990234375,48.334999084472656,124.20999908447266,24.530000686645508,97.44000244140625
2023-11-13,184.8000030517578,116.79000091552734,142.58999633789062,654.5999755859375,133.63999938964844,38.22999954223633,53.45000076293945,366.67999267578125,444.6199951171875,48.619998931884766,123.8499984741211,25.479999542236328,96.41999816894531
2023-11-14,187.44000244140625,119.87999725341797,145.8000030517578,675.4099731445312,135.42999267578125,39.40999984741211,57.029998779296875,370.2699890136719,448.6499938964844,49.65599822998047,127.36000061035156,26.690000534057617,98.91000366210938
2023-11-15,188.00999450683594,118.0,143.1999969482422,678.0,136.3800048828125,40.61000061035156,57.16999816894531,369.6700134277344,461.94000244140625,48.88800048828125,128.9199981689453,27.190000534057617,98.80000305175781
2023-11-16,189.7100067138672,119.83000183105469,142.8300018310547,680.8699951171875,138.6999969482422,43.349998474121094,54.65999984741211,376.1700134277344,466.95001220703125,49.47999954223633,128.6999969482422,27.059999465942383,98.54000091552734
2023-11-17,189.69000244140625,120.62000274658203,145.17999267578125,686.0900268554688,136.94000244140625,43.810001373291016,55.58000183105469,369.8500061035156,465.9100036621094,49.29800033569336,129.47000122070312,27.25,99.58000183105469
2023-11-20,191.4499969482422,121.52999877929688,146.1300048828125,694.3099975585938,137.9199981689453,44.7400016784668,56.380001068115234,377.44000244140625,474.4700012207031,50.409000396728516,129.50999450683594,27.81999969482422,99.95999908447266
2023-11-21,190.63999938964844,119.16000366210938,143.89999389648438,684.4199829101562,138.6199951171875,43.63999938964844,54.68000030517578,373.07000732421875,474.95001220703125,49.944000244140625,127.0199966430664,27.56999969482422,98.41000366210938
2023-11-22,191.30999755859375,122.51000213623047,146.7100067138672,684.7999877929688,140.02000427246094,43.66999816894531,55.5,377.8500061035156,478.0,48.715999603271484,127.5,28.0,98.6500015258789
2023-11-24,189.97000122070312,122.30999755859375,146.74000549316406,691.1799926757812,138.22000122070312,43.959999084472656,56.029998779296875,377.42999267578125,479.55999755859375,47.7760009765625,127.75,28.15999984741211,97.83000183105469
2023-11-27,189.7899932861328,122.6500015258789,147.72999572753906,688.3800048828125,138.0500030517578,44.08000183105469,55.900001525878906,378.6099853515625,479.1700134277344,48.242000579833984,128.1999969482422,27.200000762939453,97.20999908447266
2023-11-28,190.39999389648438,122.01000213623047,147.02999877929688,675.989990234375,138.6199951171875,44.22999954223633,55.58000183105469,382.70001220703125,479.0,47.82099914550781,126.58999633789062,27.40999984741211,97.9800033569336
2023-11-29,189.3699951171875,123.8499984741211,146.32000732421875,687.6099853515625,136.39999389648438,44.939998626708984,56.099998474121094,378.8500061035156,477.19000244140625,48.13999938964844,127.91000366210938,27.860000610351562,98.87999725341797
2023-11-30,189.9499969482422,121.16000366210938,146.08999633789062,683.760009765625,133.9199981689453,44.70000076293945,55.72999954223633,378.9100036621094,473.9700012207031,46.77000045776367,129.0500030517578,27.3799991607666,97.30999755859375
2023-12-01,191.24000549316406,121.38999938964844,147.02999877929688,692.2000122070312,133.32000732421875,43.7400016784668,52.79999923706055,374.510009765625,465.739990234375,46.76499938964844,129.6699981689453,27.639999389648438,98.55000305175781
2023-12-04,189.42999267578125,118.56999969482422,144.83999633789062,690.3200073242188,130.6300048828125,42.349998474121094,52.0099983215332,369.1400146484375,453.8999938964844,45.5099983215332,129.9499969482422,27.559999465942383,97.01000213623047
2023-12-05,193.4199981689453,118.37999725341797,146.8800048828125,694.530029296875,132.38999938964844,41.91999816894531,50.70000076293945,372.5199890136719,455.1499938964844,46.566001892089844,130.75,27.440000534057617,96.69000244140625
2023-12-06,192.32000732421875,116.81999969482422,144.52000427246094,692.0800170898438,131.42999267578125,41.27000045776367,50.43000030517578,368.79998779296875,446.7300109863281,45.50299835205078,129.9600067138672,27.989999771118164,97.8499984741211
2023-12-07,194.27000427246094,128.3699951171875,146.8800048828125,699.6500244140625,138.4499969482422,42.150001525878906,52.189998626708984,370.95001220703125,452.0,46.59600067138672,132.94000244140625,28.5,99.29000091552734
2023-12-08,195.7100067138672,128.9199981689453,147.4199981689453,696.4299926757812,136.63999938964844,42.70000076293945,52.880001068115234,374.2300109863281,453.760009765625,47.50600051879883,132.97000122070312,28.399999618530273,100.3499984741211
2023-12-11,193.17999267578125,134.41000366210938,145.88999938964844,710.239990234375,134.6999969482422,44.540000915527344,54.47999954223633,371.29998779296875,459.8900146484375,46.62699890136719,136.10000610351562,29.09000015258789,100.94999694824219
2023-12-12,194.7100067138672,137.61000061035156,147.47999572753906,720.5599975585938,133.63999938964844,44.040000915527344,54.2599983215332,374.3800048828125,463.0,47.65700149536133,136.67999267578125,29.670000076293945,101.5999984741211
2023-12-13,197.9600067138672,138.19000244140625,148.83999633789062,735.2899780273438,133.97000122070312,44.56999969482422,57.209999084472656,374.3699951171875,479.9800109863281,48.0880012512207,138.8000030517578,30.010000228881836,102.12000274658203
2023-12-14,198.11000061035156,138.0,147.4199981689453,753.7100219726562,133.1999969482422,45.18000030517578,59.290000915527344,365.92999267578125,469.8299865722656,48.349998474121094,141.5,30.489999771118164,103.44999694824219
2023-12-15,197.57000732421875,139.14999389648438,149.97000122070312,752.9600219726562,133.83999633789062,46.15999984741211,59.59000015258789,370.7300109863281,472.05999755859375,48.88999938964844,143.1300048828125,30.290000915527344,102.54000091552734
2023-12-18,195.88999938964844,138.89999389648438,154.07000732421875,742.0599975585938,137.19000244140625,45.689998626708984,59.720001220703125,372.6499938964844,486.1199951171875,50.07699966430664,141.64999389648438,29.950000762939453,102.93000030517578
2023-12-19,196.94000244140625,140.14999389648438,153.7899932861328,744.719970703125,138.10000610351562,46.65999984741211,59.65999984741211,373.260009765625,495.0199890136719,49.604000091552734,143.22999572753906,30.510000228881836,103.87000274658203
2023-12-20,194.8300018310547,135.47000122070312,152.1199951171875,729.6099853515625,139.66000366210938,45.7599983215332,57.540000915527344,370.6199951171875,489.2699890136719,48.111000061035156,140.44000244140625,30.049999237060547,100.04000091552734
2023-12-21,194.67999267578125,139.91000366210938,153.83999633789062,755.27001953125,141.8000030517578,47.08000183105469,60.25,373.5400085449219,491.6099853515625,48.9900016784668,142.44000244140625,30.639999389648438,102.55000305175781
2023-12-22,193.60000610351562,139.60000610351562,153.4199981689453,752.530029296875,142.72000122070312,48.0,60.25,374.5799865722656,486.760009765625,48.83000183105469,143.49000549316406,30.270000457763672,103.1500015258789
2023-12-26,193.0500030517578,143.41000366210938,153.41000366210938,762.6799926757812,142.82000732421875,50.5,61.150001525878906,374.6600036621094,491.19000244140625,49.27899932861328,145.4600067138672,29.90999984741211,104.44999694824219
2023-12-27,193.14999389648438,146.07000732421875,153.33999633789062,764.030029296875,141.44000244140625,50.7599983215332,61.2599983215332,374.07000732421875,491.7900085449219,49.41699981689453,145.72000122070312,30.3700008392334,104.6500015258789
2023-12-28,193.5800018310547,148.75999450683594,153.3800048828125,757.8499755859375,141.27999877929688,50.38999938964844,61.29999923706055,375.2799987792969,490.510009765625,49.52199935913086,145.86000061035156,30.5,104.69999694824219
2023-12-29,192.52999877929688,147.41000366210938,151.94000244140625,756.9199829101562,140.92999267578125,50.25,60.310001373291016,376.0400085449219,486.8800048828125,49.52199935913086,144.6300048828125,30.520000457763672,104.0
2024-01-02,185.63999938964844,138.5800018310547,149.92999267578125,716.9199829101562,139.55999755859375,47.79999923706055,58.16999816894531,370.8699951171875,468.5,48.167999267578125,140.22999572753906,30.290000915527344,101.52999877929688
2024-01-03,184.25,135.32000732421875,148.47000122070312,703.3699951171875,140.36000061035156,47.04999923706055,56.7599983215332,370.6000061035156,470.260009765625,47.569000244140625,137.60000610351562,30.489999771118164,100.16999816894531
2024-01-04,181.91000366210938,136.00999450683594,144.57000732421875,700.2899780273438,138.0399932861328,46.869998931884766,58.06999969482422,367.94000244140625,474.6700134277344,47.99800109863281,136.1699981689453,29.729999542236328,99.12999725341797
2024-01-05,181.17999267578125,138.5800018310547,145.24000549316406,703.3400268554688,137.38999938964844,46.88999938964844,59.91999816894531,367.75,474.05999755859375,49.09700012207031,136.72999572753906,29.469999313354492,99.61000061035156
2024-01-08,185.55999755859375,146.17999267578125,149.10000610351562,720.8400268554688,140.52999877929688,48.45000076293945,64.11000061035156,374.69000244140625,485.0299987792969,52.25299835205078,139.02999877929688,29.90999984741211,102.23999786376953
2024-01-09,185.13999938964844,149.25999450683594,151.3699951171875,715.9500122070312,142.55999755859375,48.04999923706055,63.470001220703125,375.7900085449219,482.0899963378906,53.13999938964844,139.88999938964844,30.09000015258789,101.88999938964844
2024-01-10,186.19000244140625,148.5399932861328,153.72999572753906,717.7899780273438,143.8000030517578,47.470001220703125,63.43000030517578,382.7699890136719,478.3299865722656,54.349998474121094,139.30999755859375,29.799999237060547,100.80000305175781
2024-01-11,185.58999633789062,148.02000427246094,155.17999267578125,718.530029296875,143.6699981689453,47.63999938964844,65.87000274658203,384.6300048828125,492.2300109863281,54.821998596191406,139.02999877929688,29.459999084472656,101.22000122070312
2024-01-12,185.9199981689453,146.55999755859375,154.6199951171875,713.219970703125,144.24000549316406,47.119998931884766,65.68000030517578,388.4700012207031,492.1600036621094,54.709999084472656,140.1999969482422,29.139999389648438,101.23999786376953
2024-01-16,183.6300048828125,158.74000549316406,153.16000366210938,706.5,144.0800018310547,47.060001373291016,65.5199966430664,390.2699890136719,481.239990234375,56.38199996948242,141.1199951171875,28.299999237060547,101.66999816894531
2024-01-17,182.67999267578125,160.1699981689453,151.7100067138672,712.27001953125,142.88999938964844,46.060001373291016,65.36000061035156,389.4700012207031,480.3299865722656,56.053001403808594,139.32000732421875,28.860000610351562,102.94999694824219
2024-01-18,188.6300048828125,162.6699981689453,153.5,744.530029296875,144.99000549316406,46.7400016784668,68.20999908447266,393.8699951171875,485.30999755859375,57.106998443603516,145.2899932861328,29.389999389648438,113.02999877929688
2024-01-19,191.55999755859375,174.22999572753906,155.33999633789062,757.8300170898438,147.97000122070312,48.150001525878906,71.08000183105469,398.6700134277344,482.95001220703125,59.49100112915039,151.9600067138672,29.8799991607666,114.19999694824219
2024-01-22,193.88999938964844,168.17999267578125,154.77999877929688,766.6799926757812,147.7100067138672,48.220001220703125,70.11000061035156,396.510009765625,485.7099914550781,59.65399932861328,152.8699951171875,30.459999084472656,113.02999877929688
2024-01-23,195.17999267578125,168.4199981689453,156.02000427246094,778.3900146484375,148.67999267578125,48.88999938964844,70.5999984741211,398.8999938964844,492.19000244140625,59.87300109863281,153.5,30.56999969482422,114.12999725341797
2024-01-24,194.5,178.2899932861328,156.8699951171875,847.3099975585938,150.35000610351562,49.09000015258789,72.27999877929688,402.55999755859375,544.8699951171875,61.36199951171875,154.3699951171875,29.950000762939453,116.5199966430664
2024-01-25,194.1699981689453,180.3300018310547,157.75,869.0800170898438,153.63999938964844,49.54999923706055,70.0,404.8699951171875,562.0,61.617000579833984,154.47000122070312,28.989999771118164,116.55999755859375
2024-01-26,192.4199981689453,177.25,159.1199951171875,867.75,153.7899932861328,43.650001525878906,68.04000091552734,403.92999267578125,570.4199829101562,61.03099822998047,150.72000122070312,28.959999084472656,117.26000213623047
2024-01-29,191.72999572753906,177.8300018310547,161.25999450683594,882.6199951171875,154.83999633789062,43.84000015258789,70.13999938964844,409.7200012207031,575.7899780273438,62.46500015258789,149.63999938964844,29.329999923706055,116.9800033569336
2024-01-30,188.0399932861328,172.05999755859375,159.0,868.030029296875,153.0500030517578,42.91999816894531,68.83000183105469,408.5899963378906,562.8499755859375,62.77399826049805,145.97999572753906,28.950000762939453,116.05999755859375
2024-01-31,184.39999389648438,167.69000244140625,155.1999969482422,869.8200073242188,141.8000030517578,43.08000183105469,67.69999694824219,397.5799865722656,564.1099853515625,61.527000427246094,148.50999450683594,28.850000381469727,112.95999908447266
2024-02-01,186.86000061035156,170.47999572753906,159.27999877929688,890.5399780273438,142.7100067138672,43.36000061035156,66.87000274658203,403.7799987792969,567.510009765625,63.027000427246094,141.11000061035156,28.68000030517578,113.38999938964844
2024-02-02,185.85000610351562,177.66000366210938,171.80999755859375,890.6599731445312,143.5399932861328,42.599998474121094,67.52999877929688,411.2200012207031,564.6400146484375,66.16000366210938,141.69000244140625,28.68000030517578,115.75
2024-02-05,187.67999267578125,174.22999572753906,170.30999755859375,898.5399780273438,144.92999267578125,42.77000045776367,67.0199966430664,405.6499938964844,562.0599975585938,69.33200073242188,144.02999877929688,28.549999237060547,118.79000091552734
2024-02-06,189.3000030517578,167.8800048828125,169.14999389648438,904.8900146484375,145.41000366210938,42.7400016784668,67.08000183105469,405.489990234375,555.8800048828125,68.2229995727539,144.10000610351562,28.899999618530273,119.37999725341797
2024-02-07,189.41000366210938,170.94000244140625,170.52999877929688,922.22998046875,146.67999267578125,42.779998779296875,69.37000274658203,414.04998779296875,559.2999877929688,70.0989990234375,145.88999938964844,29.25,124.9800033569336
2024-02-08,188.32000732421875,169.35000610351562,169.83999633789062,922.9400024414062,147.22000122070312,42.5,71.0199966430664,414.1099853515625,558.530029296875,69.64099884033203,148.17999267578125,29.459999084472656,133.72999572753906
2024-02-09,188.85000610351562,172.47999572753906,174.4499969482422,949.5999755859375,150.22000122070312,43.310001373291016,68.83000183105469,420.54998779296875,561.3200073242188,72.13300323486328,151.0,29.40999984741211,133.11000061035156
2024-02-12,187.14999389648438,171.91000366210938,172.33999633789062,929.2100219726562,148.72999572753906,44.029998779296875,70.41999816894531,415.260009765625,557.8499755859375,72.24800109863281,153.10000610351562,30.09000015258789,130.4600067138672
2024-02-13,185.0399932861328,171.5399932861328,168.63999938964844,903.3200073242188,146.3699951171875,43.15999984741211,68.12999725341797,406.32000732421875,554.52001953125,72.12799835205078,150.0399932861328,28.6299991607666,127.55000305175781
2024-02-14,184.14999389648438,178.6999969482422,170.97999572753906,924.4400024414062,147.13999938964844,44.189998626708984,68.95999908447266,409.489990234375,579.3300170898438,73.9000015258789,153.94000244140625,31.8799991607666,129.27000427246094
2024-02-15,183.86000061035156,176.75999450683594,169.8000030517578,929.8400268554688,143.94000244140625,44.04999923706055,67.44000244140625,406.55999755859375,593.4600219726562,72.65799713134766,155.97999572753906,32.869998931884766,129.02999877929688
2024-02-16,182.30999755859375,173.8699951171875,169.50999450683594,928.9400024414062,141.75999450683594,43.5099983215332,66.29000091552734,404.05999755859375,583.9500122070312,72.61299896240234,152.69000244140625,33.720001220703125,126.69000244140625
2024-02-20,181.55999755859375,165.69000244140625,167.0800018310547,909.5700073242188,142.1999969482422,44.52000045776367,65.04000091552734,402.7900085449219,575.1300048828125,69.4520034790039,151.9600067138672,33.91999816894531,125.33000183105469
2024-02-21,182.32000732421875,164.2899932861328,168.58999633789062,908.2100219726562,143.83999633789062,43.470001220703125,65.5199966430664,402.17999267578125,573.3499755859375,67.47200012207031,152.00999450683594,33.310001373291016,125.33999633789062
2024-02-22,184.3699951171875,181.86000061035156,174.5800018310547,951.8499755859375,145.32000732421875,42.97999954223633,69.87000274658203,411.6499938964844,588.469970703125,78.53800201416016,154.75,33.52000045776367,129.07000732421875
2024-02-23,182.52000427246094,176.52000427246094,174.99000549316406,933.25,145.2899932861328,42.9900016784668,67.58000183105469,410.3399963378906,583.5599975585938,78.81700134277344,154.91000366210938,33.27000045776367,129.52999877929688
2024-02-26,181.16000366210938,176.00999450683594,174.72999572753906,947.5900268554688,138.75,42.9900016784668,68.62000274658203,407.5400085449219,587.6500244140625,79.09200286865234,157.02999877929688,33.59000015258789,130.63999938964844
2024-02-27,182.6300048828125,178.0,173.5399932861328,941.3699951171875,140.10000610351562,42.72999954223633,69.12999725341797,407.4800109863281,601.6699829101562,78.70099639892578,158.3000030517578,33.290000915527344,128.58999633789062
2024-02-28,181.4199981689453,176.5399932861328,173.16000366210938,939.5,137.42999267578125,41.9900016784668,67.54000091552734,407.7200012207031,596.47998046875,77.66300201416016,155.85000610351562,32.66999816894531,127.37999725341797
2024-02-29,180.75,192.52999877929688,176.75999450683594,951.6799926757812,139.77999877929688,43.04999923706055,71.66000366210938,413.6400146484375,602.9199829101562,79.11199951171875,157.7899932861328,32.880001068115234,128.6699981689453
2024-03-01,179.66000366210938,202.63999938964844,178.22000122070312,990.9400024414062,138.0800018310547,43.81999969482422,77.61000061035156,415.5,619.3400268554688,82.27899932861328,163.08999633789062,33.619998931884766,133.89999389648438
2024-03-04,175.10000610351562,205.36000061035156,177.5800018310547,998.0399780273438,134.1999969482422,45.61000061035156,79.3499984741211,414.9200134277344,615.8300170898438,85.23699951171875,166.55999755859375,33.5,138.25999450683594
2024-03-05,170.1199951171875,205.1300048828125,174.1199951171875,968.8400268554688,133.77999877929688,43.15999984741211,78.7300033569336,402.6499938964844,598.5,85.96399688720703,161.4499969482422,32.869998931884766,134.97000122070312
2024-03-06,169.1199951171875,210.6300048828125,173.50999450683594,1003.9299926757812,132.55999755859375,44.5099983215332,81.37000274658203,402.0899963378906,597.6900024414062,88.69999694824219,167.88999938964844,32.630001068115234,141.57000732421875
2024-03-07,169.0,211.3800048828125,176.82000732421875,1047.3900146484375,135.24000549316406,46.150001525878906,85.08999633789062,409.1400146484375,608.510009765625,92.66899871826172,175.72000122070312,33.06999969482422,149.1999969482422
2024-03-08,170.72999572753906,207.38999938964844,175.35000610351562,994.3300170898438,136.2899932861328,44.0,75.41999816894531,406.2200012207031,604.8200073242188,87.52799987792969,170.57000732421875,32.310001373291016,146.3699951171875
2024-03-11,172.75,198.38999938964844,171.9600067138672,962.6699829101562,138.94000244140625,44.86000061035156,72.36000061035156,404.5199890136719,600.9299926757812,85.77400207519531,171.1199951171875,31.389999389648438,139.02000427246094
2024-03-12,173.22999572753906,202.75999450683594,175.38999938964844,984.2899780273438,139.6199951171875,45.2400016784668,71.7699966430664,415.2799987792969,611.0800170898438,91.91300201416016,173.0800018310547,31.68000030517578,144.39999389648438
2024-03-13,171.1300048828125,194.7899932861328,176.55999755859375,968.780029296875,140.77000427246094,43.22999954223633,67.62999725341797,415.1000061035156,609.4500122070312,90.88800048828125,169.25,31.059999465942383,142.13999938964844
2024-03-14,173.0,187.05999755859375,178.75,959.780029296875,144.33999633789062,42.75,66.08000183105469,425.2200012207031,613.010009765625,87.94400024414062,168.4499969482422,30.940000534057617,139.6199951171875
2024-03-15,172.6199951171875,191.05999755859375,174.4199981689453,940.2100219726562,142.1699981689453,42.63999938964844,66.87000274658203,416.4200134277344,605.8800048828125,87.83699798583984,167.1999969482422,30.979999542236328,136.97999572753906
2024-03-18,173.72000122070312,190.64999389648438,174.47999572753906,941.3400268554688,148.47999572753906,42.709999084472656,67.19999694824219,417.32000732421875,618.3900146484375,88.45500183105469,166.9199981689453,32.470001220703125,136.63999938964844
2024-03-19,176.0800018310547,181.4199981689453,175.89999389648438,951.9099731445312,147.9199981689453,42.04999923706055,65.05999755859375,421.4100036621094,620.739990234375,89.39800262451172,164.10000610351562,32.810001373291016,134.8699951171875
2024-03-20,178.6699981689453,179.72999572753906,178.14999389648438,970.9199829101562,149.67999267578125,42.20000076293945,65.54000091552734,425.2300109863281,627.6900024414062,90.37200164794922,167.6699981689453,33.279998779296875,136.75
2024-03-21,171.3699951171875,178.67999267578125,178.14999389648438,990.7899780273438,148.74000549316406,42.41999816894531,66.58999633789062,429.3699951171875,622.7100219726562,91.43499755859375,170.85000610351562,33.36000061035156,139.4499969482422
2024-03-22,172.27999877929688,179.64999389648438,178.8699951171875,979.9600219726562,151.77000427246094,42.56999969482422,66.54000091552734,428.739990234375,628.010009765625,94.28900146484375,170.10000610351562,32.970001220703125,140.5399932861328
2024-03-25,170.85000610351562,178.6300048828125,179.7100067138672,978.9299926757812,151.14999389648438,41.83000183105469,66.12000274658203,422.8599853515625,627.4600219726562,95.00199890136719,167.52000427246094,32.90999984741211,140.22999572753906
2024-03-26,169.7100067138672,177.8699951171875,178.3000030517578,971.2999877929688,151.6999969482422,41.9900016784668,68.26000213623047,421.6499938964844,629.239990234375,92.56099700927734,167.07000732421875,32.720001220703125,138.83999633789062
2024-03-27,173.30999755859375,179.58999633789062,179.8300018310547,974.010009765625,151.94000244140625,43.77000045776367,72.30999755859375,421.42999267578125,613.530029296875,90.25,169.1300048828125,32.9900016784668,136.69000244140625
2024-03-28,171.47999572753906,180.49000549316406,180.3800048828125,970.469970703125,152.25999450683594,44.16999816894531,70.87999725341797,420.7200012207031,607.3300170898438,90.35600280761719,169.3000030517578,33.45000076293945,136.0500030517578
2024-04-01,170.02999877929688,183.33999633789062,180.97000122070312,992.9500122070312,156.5,44.52000045776367,73.19999694824219,424.57000732421875,614.3099975585938,90.36299896240234,171.72000122070312,33.099998474121094,141.49000549316406
2024-04-02,168.83999633789062,178.6999969482422,180.69000244140625,966.7100219726562,155.8699951171875,43.939998626708984,73.58999633789062,421.44000244140625,614.2100219726562,89.4520034790039,171.0399932861328,33.0,140.22000122070312
2024-04-03,169.64999389648438,180.77000427246094,182.41000366210938,980.27001953125,156.3699951171875,40.33000183105469,73.02999877929688,420.45001220703125,630.0800170898438,88.96399688720703,173.91000366210938,32.810001373291016,142.0
2024-04-04,168.82000732421875,165.8300018310547,180.0,953.4099731445312,151.94000244140625,39.72999954223633,70.87999725341797,417.8800048828125,617.1400146484375,85.90499877929688,169.75999450683594,32.849998474121094,139.66000366210938
2024-04-05,169.5800018310547,170.4199981689453,185.07000732421875,979.5499877929688,153.94000244140625,38.709999084472656,72.6500015258789,425.5199890136719,636.1799926757812,88.00800323486328,171.52999877929688,32.63999938964844,141.36000061035156
2024-04-08,168.4499969482422,169.89999389648438,185.19000244140625,982.7100219726562,156.13999938964844,37.97999954223633,71.91999816894531,424.5899963378906,628.4099731445312,87.13300323486328,173.6199951171875,33.5099983215332,142.7899932861328
2024-04-09,169.6699981689453,170.77999877929688,185.6699981689453,989.8300170898438,158.13999938964844,38.33000183105469,73.33999633789062,426.2799987792969,618.2000122070312,85.35399627685547,175.57000732421875,34.47999954223633,145.39999389648438
2024-04-10,167.77999877929688,167.13999938964844,185.9499969482422,974.6099853515625,157.66000366210938,37.20000076293945,71.43000030517578,423.260009765625,618.5800170898438,87.03900146484375,170.86000061035156,33.83000183105469,146.22000122070312
2024-04-11,175.0399932861328,170.5,189.0500030517578,992.1799926757812,160.7899932861328,37.630001068115234,71.52999877929688,427.92999267578125,628.780029296875,90.61599731445312,175.1300048828125,33.29999923706055,147.1999969482422
2024-04-12,176.5500030517578,163.27999877929688,186.1300048828125,961.8400268554688,159.19000244140625,35.689998626708984,70.16000366210938,421.8999938964844,622.8300170898438,88.18599700927734,171.2899932861328,31.579999923706055,142.52000427246094
2024-04-15,172.69000244140625,160.32000732421875,183.6199951171875,954.8200073242188,156.3300018310547,36.310001373291016,67.87999725341797,413.6400146484375,607.1500244140625,86.0009994506836,169.83999633789062,31.030000686645508,140.13999938964844
2024-04-16,169.3800048828125,163.4600067138672,183.32000732421875,976.9199829101562,156.0,36.2599983215332,68.27999877929688,414.5799865722656,617.52001953125,87.41500091552734,168.5800018310547,31.799999237060547,139.8000030517578
2024-04-17,168.0,154.02000427246094,181.27999877929688,907.6099853515625,156.8800048828125,35.68000030517578,66.4800033569336,411.8399963378906,613.6900024414062,84.03500366210938,164.32000732421875,31.59000015258789,139.02999877929688
2024-04-18,167.0399932861328,155.0800018310547,179.22000122070312,889.030029296875,157.4600067138672,35.040000915527344,65.23999786376953,404.2699890136719,610.5599975585938,84.6709976196289,161.44000244140625,31.149999618530273,132.27000427246094
2024-04-19,165.0,146.63999938964844,174.6300048828125,859.5399780273438,155.72000122070312,34.20000076293945,62.130001068115234,399.1199951171875,555.0399780273438,76.19999694824219,157.6300048828125,30.989999771118164,127.69999694824219
2024-04-22,165.83999633789062,148.63999938964844,177.22999572753906,872.0499877929688,157.9499969482422,34.40999984741211,62.880001068115234,400.9599914550781,554.5999755859375,79.51799774169922,160.17999267578125,31.940000534057617,129.75
2024-04-23,166.89999389648438,152.27000427246094,179.5399932861328,901.5700073242188,159.9199981689453,34.279998779296875,63.86000061035156,407.57000732421875,577.75,82.4229965209961,161.35000610351562,31.75,133.42999267578125
2024-04-24,169.02000427246094,151.74000549316406,176.58999633789062,892.3200073242188,161.10000610351562,34.5,64.8499984741211,409.05999755859375,555.1199951171875,79.677001953125,163.6300048828125,31.729999542236328,132.97000122070312
2024-04-25,169.88999938964844,153.75999450683594,173.6699981689453,902.510009765625,157.9499969482422,35.11000061035156,67.4800033569336,399.0400085449219,564.7999877929688,82.63200378417969,163.3000030517578,32.16999816894531,136.5800018310547
2024-04-26,169.3000030517578,157.39999389648438,179.6199951171875,918.969970703125,173.69000244140625,31.8799991607666,69.62000274658203,406.32000732421875,561.22998046875,87.73500061035156,165.66000366210938,32.36000061035156,138.3000030517578
2024-04-29,173.5,160.1999969482422,180.9600067138672,909.77001953125,167.89999389648438,31.360000610351562,68.75,402.25,559.489990234375,87.75700378417969,169.1999969482422,32.65999984741211,138.5
2024-04-30,170.3300018310547,158.3800048828125,175.0,872.469970703125,164.63999938964844,30.469999313354492,65.91000366210938,389.3299865722656,550.6400146484375,86.4020004272461,165.85000610351562,32.869998931884766,137.33999633789062
2024-05-01,169.3000030517578,144.27000427246094,179.0,852.8400268554688,165.57000732421875,30.3700008392334,63.81999969482422,394.94000244140625,551.7100219726562,83.04100036621094,164.11000061035156,32.310001373291016,134.94000244140625
2024-05-02,173.02999877929688,146.16000366210938,184.72000122070312,870.280029296875,168.4600067138672,30.510000228881836,66.66999816894531,397.8399963378906,565.1500244140625,85.81700134277344,180.10000610351562,32.4900016784668,136.22999572753906
2024-05-03,183.3800048828125,150.60000610351562,186.2100067138672,901.6300048828125,168.99000549316406,30.899999618530273,68.51000213623047,406.6600036621094,579.3400268554688,88.78900146484375,179.63999938964844,33.040000915527344,141.55999755859375
2024-05-06,181.7100067138672,155.77999877929688,188.6999969482422,916.9199829101562,169.8300018310547,30.969999313354492,69.81999969482422,413.5400085449219,596.969970703125,92.13999938964844,181.85000610351562,33.810001373291016,142.8300018310547
2024-05-07,182.39999389648438,154.42999267578125,188.75999450683594,908.219970703125,172.97999572753906,30.68000030517578,68.68000030517578,409.3399963378906,606.0,90.55400085449219,180.14999389648438,34.66999816894531,141.11000061035156
2024-05-08,182.74000549316406,153.6199951171875,188.0,911.469970703125,171.16000366210938,30.0,68.11000061035156,410.5400085449219,609.469970703125,90.41200256347656,180.5500030517578,34.25,143.60000610351562
2024-05-09,184.57000732421875,152.38999938964844,189.5,913.5399780273438,171.5800018310547,30.09000015258789,67.68000030517578,412.32000732421875,612.0900268554688,88.74700164794922,180.5399932861328,36.439998626708984,142.7899932861328
2024-05-10,183.0500030517578,151.9199981689453,187.47999572753906,930.2899780273438,170.2899932861328,29.850000381469727,68.47000122070312,414.739990234375,610.8699951171875,89.87799835205078,182.0800018310547,36.709999084472656,149.25999450683594
2024-05-13,186.27999877929688,150.55999755859375,186.57000732421875,917.239990234375,170.89999389648438,30.510000228881836,69.0199966430664,413.7200012207031,616.5900268554688,90.39900207519531,184.2100067138672,36.47999954223633,146.41000366210938
2024-05-14,187.42999267578125,153.16000366210938,187.07000732421875,915.030029296875,171.92999267578125,31.049999237060547,68.0199966430664,416.55999755859375,613.6599731445312,91.35600280761719,188.97000122070312,36.95000076293945,151.9499969482422
2024-05-15,189.72000122070312,159.6699981689453,185.99000549316406,937.4199829101562,173.8800048828125,31.270000457763672,70.1500015258789,423.0799865722656,613.52001953125,94.62999725341797,194.61000061035156,36.75,155.5800018310547
2024-05-16,189.83999633789062,162.6199951171875,183.6300048828125,919.5399780273438,175.42999267578125,32.029998779296875,73.08000183105469,420.989990234375,610.52001953125,94.35900115966797,193.27000427246094,36.970001220703125,152.22999572753906
2024-05-17,189.8699951171875,164.47000122070312,184.6999969482422,924.969970703125,177.2899932861328,31.829999923706055,71.91999816894531,420.2099914550781,621.0999755859375,92.47899627685547,193.86000061035156,36.709999084472656,151.67999267578125
2024-05-20,191.0399932861328,166.3300018310547,183.5399932861328,939.4400024414062,178.4600067138672,32.099998474121094,74.47000122070312,425.3399963378906,640.8200073242188,94.77999877929688,197.75999450683594,36.9900016784668,153.5500030517578
2024-05-21,192.35000610351562,164.66000366210938,183.14999389648438,925.27001953125,179.5399932861328,31.739999771118164,73.30000305175781,429.0400085449219,650.6099853515625,95.38600158691406,200.85000610351562,36.810001373291016,153.6699981689453
2024-05-22,190.89999389648438,165.52000427246094,183.1300048828125,922.3300170898438,178.0,31.420000076293945,73.68000030517578,430.5199890136719,640.469970703125,94.94999694824219,202.92999267578125,37.619998931884766,156.14999389648438
2024-05-23,186.8800048828125,160.42999267578125,181.0500030517578,934.25,175.05999755859375,30.079999923706055,75.0199966430664,427.0,635.6699829101562,103.79900360107422,201.75999450683594,36.810001373291016,157.08999633789062
2024-05-24,189.97999572753906,166.36000061035156,180.75,956.219970703125,176.3300018310547,30.719999313354492,76.68000030517578,430.1600036621094,646.75,106.46900177001953,210.36000061035156,37.65999984741211,160.0
2024-05-28,189.99000549316406,171.61000061035156,182.14999389648438,991.8499755859375,178.02000427246094,31.059999465942383,78.33000183105469,430.32000732421875,649.0,113.9010009765625,213.0800018310547,37.849998474121094,159.41000366210938
2024-05-29,190.2899932861328,165.13999938964844,182.02000427246094,957.8800048828125,177.39999389648438,30.1299991607666,75.77999877929688,429.1700134277344,654.6199951171875,114.82499694824219,208.25999450683594,37.189998626708984,154.33999633789062
2024-05-30,191.2899932861328,166.75,179.32000732421875,966.1199951171875,173.55999755859375,30.190000534057617,76.8499984741211,414.6700134277344,647.6599731445312,110.5,204.8000030517578,37.5,152.9600067138672
2024-05-31,192.25,166.89999389648438,176.44000244140625,960.3499755859375,173.9600067138672,30.850000381469727,68.80999755859375,415.1300048828125,641.6199951171875,109.63300323486328,204.0500030517578,37.540000915527344,151.0399932861328
2024-06-03,194.02999877929688,163.5500030517578,178.33999633789062,965.47998046875,174.4199981689453,30.290000915527344,68.20999908447266,413.5199890136719,633.7899780273438,115.0,205.91000366210938,37.61000061035156,154.9499969482422
2024-06-04,194.35000610351562,159.99000549316406,179.33999633789062,950.8099975585938,175.1300048828125,30.030000686645508,66.37999725341797,416.07000732421875,631.6199951171875,116.43699645996094,204.3699951171875,36.720001220703125,152.47000122070312
2024-06-05,195.8699951171875,166.1699981689453,181.27999877929688,1041.3399658203125,177.07000732421875,30.780000686645508,69.80000305175781,424.010009765625,650.27001953125,122.44000244140625,211.89999389648438,37.52000045776367,162.9199981689453
2024-06-06,194.47999572753906,166.77999877929688,185.0,1052.6099853515625,178.35000610351562,30.420000076293945,68.0999984741211,424.5199890136719,648.52001953125,120.99800109863281,209.44000244140625,37.93000030517578,162.07000732421875
2024-06-07,196.88999938964844,167.8699951171875,184.3000030517578,1028.4200439453125,175.9499969482422,30.739999771118164,67.98999786376953,423.8500061035156,641.469970703125,120.88800048828125,206.6199951171875,37.29999923706055,164.38999938964844
2024-06-10,193.1199951171875,160.33999633789062,187.05999755859375,1041.7099609375,176.6300048828125,30.90999984741211,69.47000122070312,427.8699951171875,644.5,121.79000091552734,209.35000610351562,38.5,168.16000366210938
2024-06-11,207.14999389648438,158.9600067138672,187.22999572753906,1036.010009765625,178.19000244140625,30.920000076293945,70.4000015258789,432.67999267578125,648.5499877929688,120.91000366210938,208.52000427246094,38.7599983215332,165.7100067138672
2024-06-12,213.07000732421875,160.24000549316406,186.88999938964844,1068.8599853515625,179.55999755859375,30.760000228881836,73.36000061035156,441.05999755859375,650.0599975585938,125.19999694824219,215.38999938964844,38.95000076293945,172.97999572753906
2024-06-13,214.24000549316406,159.89999389648438,183.8300018310547,1052.7099609375,176.74000549316406,30.459999084472656,72.87000274658203,441.5799865722656,653.260009765625,129.61000061035156,217.80999755859375,38.63999938964844,172.91000366210938
2024-06-14,212.49000549316406,159.6300048828125,183.66000366210938,1027.9000244140625,178.3699951171875,30.450000762939453,73.2699966430664,442.57000732421875,669.3800048828125,131.8800048828125,215.3300018310547,38.63999938964844,172.50999450683594
2024-06-17,216.6699981689453,158.39999389648438,184.05999755859375,1052.469970703125,178.77999877929688,30.979999542236328,71.81999969482422,448.3699951171875,675.8300170898438,130.97999572753906,222.22000122070312,39.060001373291016,177.24000549316406
2024-06-18,214.2899932861328,154.6300048828125,182.80999755859375,1061.3800048828125,176.4499969482422,30.6299991607666,73.13999938964844,446.3399963378906,685.6699829101562,135.5800018310547,227.08999633789062,39.650001525878906,179.69000244140625
2024-06-20,209.67999267578125,161.77999877929688,186.10000610351562,1050.739990234375,177.7100067138672,30.6200008392334,73.23999786376953,445.70001220703125,679.030029296875,130.77999877929688,215.47000122070312,39.119998931884766,175.3800048828125
2024-06-21,207.49000549316406,161.22999572753906,189.0800018310547,1036.5999755859375,180.25999450683594,31.09000015258789,71.88999938964844,449.7799987792969,686.1199951171875,126.56999969482422,212.52999877929688,39.06999969482422,173.9600067138672
2024-06-24,208.13999938964844,160.25,185.57000732421875,1002.010009765625,180.7899932861328,30.56999969482422,67.7699966430664,447.6700134277344,669.02001953125,118.11000061035156,200.83999633789062,38.279998779296875,167.80999755859375
2024-06-25,209.07000732421875,160.25,186.33999633789062,1023.3400268554688,185.5800018310547,30.739999771118164,68.26000213623047,450.95001220703125,672.4099731445312,126.08999633789062,202.1699981689453,38.38999938964844,172.60000610351562
2024-06-26,213.25,157.5399932861328,193.61000061035156,1016.5999755859375,185.3699951171875,30.540000915527344,68.2699966430664,452.1600036621094,677.6900024414062,126.4000015258789,197.3300018310547,38.83000183105469,172.07000732421875
2024-06-27,214.10000610351562,159.47000122070312,197.85000610351562,1028.010009765625,186.86000061035156,30.59000015258789,68.7300033569336,452.8500061035156,684.3400268554688,123.98999786376953,195.14999389648438,38.54999923706055,171.6300048828125
2024-06-28,210.6199951171875,162.2100067138672,193.25,1022.72998046875,183.4199981689453,30.969999313354492,69.9000015258789,446.95001220703125,674.8800048828125,123.54000091552734,199.17999267578125,39.310001373291016,173.80999755859375
2024-07-01,216.75,157.69000244140625,197.1999969482422,1033.489990234375,184.49000549316406,30.84000015258789,71.0,456.7300109863281,673.6099853515625,124.30000305175781,200.02999877929688,39.66999816894531,172.3300018310547
2024-07-02,220.27000427246094,164.30999755859375,200.0,1047.8900146484375,186.61000061035156,31.06999969482422,71.5999984741211,459.2799987792969,679.5800170898438,122.66999816894531,200.16000366210938,39.349998474121094,175.6999969482422
2024-07-03,221.5500030517578,163.89999389648438,197.58999633789062,1071.4100341796875,187.38999938964844,31.229999542236328,72.19999694824219,460.7699890136719,682.510009765625,128.27999877929688,203.80999755859375,39.470001220703125,182.49000549316406
2024-07-05,226.33999633789062,171.89999389648438,200.0,1074.47998046875,191.9600067138672,32.02000045776367,72.08000183105469,467.55999755859375,690.6500244140625,125.83000183105469,205.75,40.2400016784668,183.99000549316406
2024-07-08,227.82000732421875,178.69000244140625,199.2899932861328,1077.3900146484375,190.47999572753906,33.9900016784668,74.91000366210938,466.239990234375,685.739990234375,128.1999969482422,207.88999938964844,41.02000045776367,186.6300048828125
2024-07-09,228.67999267578125,177.10000610351562,199.33999633789062,1059.969970703125,190.44000244140625,34.59000015258789,73.83999633789062,459.5400085449219,685.739990234375,131.3800048828125,207.1199951171875,40.619998931884766,184.52000427246094
2024-07-10,232.97999572753906,183.9600067138672,199.7899932861328,1098.949951171875,192.66000366210938,34.869998931884766,74.87999725341797,466.25,677.6500244140625,134.91000366210938,208.8000030517578,40.810001373291016,191.0500030517578
2024-07-11,227.57000732421875,181.94000244140625,195.0500030517578,1062.5,187.3000030517578,33.5,72.18000030517578,454.70001220703125,652.75,127.4000015258789,199.85000610351562,40.72999954223633,184.5
2024-07-12,230.5399932861328,181.61000061035156,194.49000549316406,1085.260009765625,186.77999877929688,34.4900016784668,73.58999633789062,453.54998779296875,647.5999755859375,129.24000549316406,202.42999267578125,41.720001220703125,187.35000610351562
2024-07-15,234.39999389648438,179.8300018310547,192.72000122070312,1063.6300048828125,188.19000244140625,34.459999084472656,73.5999984741211,453.9599914550781,656.4500122070312,128.44000244140625,208.17999267578125,41.97999954223633,185.22000122070312
2024-07-16,234.82000732421875,177.5500030517578,193.02000427246094,1068.18994140625,185.5,34.34000015258789,75.5999984741211,449.5199890136719,656.3200073242188,126.36000061035156,209.63999938964844,41.75,186.0399932861328
2024-07-17,228.8800048828125,159.42999267578125,187.92999267578125,932.0599975585938,182.6199951171875,34.459999084472656,67.93000030517578,443.5199890136719,647.4600219726562,117.98999786376953,191.60000610351562,40.939998626708984,171.1999969482422
2024-07-18,224.17999267578125,155.77000427246094,183.75,924.1500244140625,179.22000122070312,34.869998931884766,68.20999908447266,440.3699951171875,643.0399780273438,121.08999633789062,191.4600067138672,40.68000030517578,171.8699951171875
2024-07-19,224.30999755859375,151.5800018310547,183.1300048828125,895.3699951171875,179.38999938964844,32.97999954223633,66.51000213623047,437.1099853515625,633.3400268554688,117.93000030517578,186.2100067138672,40.599998474121094,165.77000427246094
2024-07-22,223.9600067138672,155.8699951171875,182.5500030517578,941.260009765625,183.35000610351562,33.369998931884766,69.01000213623047,442.94000244140625,647.5,123.54000091552734,194.97000122070312,41.27000045776367,169.35000610351562
2024-07-23,225.00999450683594,154.0,186.41000366210938,932.8099975585938,183.60000610351562,32.95000076293945,68.38999938964844,444.8500061035156,642.760009765625,122.58999633789062,193.35000610351562,41.290000915527344,169.82000732421875
2024-07-24,217.86000061035156,146.93499755859375,181.8300018310547,898.1599731445312,174.6699981689453,31.94499969482422,65.43000030517578,429.55499267578125,639.7899780273438,116.38999938964844,181.88900756835938,43.45000076293945,162.0800018310547
